[
	{
		"name":"EOS",
		"title":"EOS (Enterprise Operation System)为商用分布式应用设计的一款区块链操作系统",
		"intro":"在分布式应用程序开发过程中，如果能有一个底层区块链操作系统就能大大降低开发难度，让开发者专注于更重要的事情－业务逻辑的探索。\r\n以现有的应用程序比如交易所和社交媒体为例，这些应用每天为数百万用户提供服务，每秒平均需处理的事件高达数十万条。作为一个区块链操作系统，如果同时支撑多个此类应用程序的, 系统需要达到更高的性能才可以。 假设有上千个应用程序，每个应用程序每秒处理一千个事件，这就要求底层操作系统每秒能够处理数百万次的事件。",
		"time":"2017/06/26 - 2018/06/01",
		"rank":"A"
	},
	{
		"name":"Academy",
		"title":"教育解决方案",
		"intro":"Academy 为开 发人员、高管、政府和大学提供量身定制的区块链教育选择，为准备就业的毕业生与网罗区块链 人才的公司搭建桥梁，为全球区块链教育危机提供强有力的解决方案。Academy 的综合性教育 和就业安置计划填补了区块链开发行业不断扩大的差距。本白皮书审视了全球区块链教育现状， 确立了对训练有素的区块链开发人员需求不断增长的趋势，并确定了对集中招聘和行业定制培训 计划的需求，将企业与区块链开发人员联系起来。相关的代币销售让 Academy 代币成为区块链 教育未来发展的机遇。区块链学院对现有开发者进行再培训，并将其转变为区块链生态系统。一个完全沉浸式的六周认证程序训练开发者编码区块链产品，并在创新的区块链团队中工作。",
		"time":"2018/03/15 - 2018/04/15",
		"rank":"BBB"
	},
	{
		"name":"Celsius",
		"title":"可抵押数字资产获得法币贷款",
		"intro":"Celsius是一个全球性的P2P金融平台，它将加密资产的持有者与借款人无缝连接起来。它允许加密持有者以硬币的形式赚取他们的资产的费用，或者通过他们的密码获得一笔美元保证金贷款。",
		"time":" 2018/03/15 - 2018/03/22",
		"rank":"BBB"
	},
	{
		"name":"Invacio",
		"title":"一个为各个行业提供解决方案",
		"intro":"Invacio正在努力转变一些行业，包括大数据、通信、研究、在线隐私、交易所市场，使用他们的分布式人工智能系统。",
		"time":"2018/03/05 - 2018/05/07",
		"rank":"BBB"
	},
	{
		"name":"Signals",
		"title":"个人数字货币投资策略设计及",
		"intro":"信号将装配指标和创建信号优化各种cryptocurrency交易所利润提供了一个简单的用户界面。",
		"time":"2018/03/12 - 2018/04/12",
		"rank":"BBB"
	},
	{
		"name":"Cryptelo",
		"title":"基于区块链的加密技术公司",
		"intro":"Cryptelo是一家基于区块链的加密技术公司，提供数据传输、协作、版本管理和存储服务。",
		"time":"2018/03/15 - 2018/04/30",
		"rank":"BBB"
	},
	{
		"name":"Polyswarm",
		"title":"由安全专家建立反恶意软件引",
		"intro":"PolySwarm激励了每年8.5亿美元的网络威胁情报领域的快速创新，并提供精确的经济激励措施，奖励全球安全专家社区及时准确地识别恶意软件。",
		"time":"2018/02/21 - 2018/03/23",
		"rank":"BBB"
	},
	{
		"name":"BitRewards",
		"title":"BitRewards是加密货币中的现金返还和积分回馈平台。",
		"intro":"shiucdhcudishcuds",
		"time":"2018/01/12 - 2018/04/30",
		"rank":"BBB"
	},
	{
		"name":"GraphGrail",
		"title":"基于区块链的人工智能平台",
		"intro":"GraphGrail Ai是基于自然语言理解技术与DApps 自由市场建立的的人工智能平台。",
		"time":" 2018/02/19 - 2018/04/15",
		"rank":"BBB"
	},
	{
		"name":"Forty Seven",
		"title":"为加密货币者提供银行服务的",
		"intro":"Forty Seven是一个旨在为加密货币的使用者和传统货币系统的追随者创建一个全能银行的项目。",
		"time":"2017/11/16 - 2018/03/31",
		"rank":"BBB"
	},
	{
		"name":"Jury.Online",
		"title":"ICO项目投资的平台",
		"intro":"该项目是ICO项目投资平台，具有一些辅助功能，如仲裁和评判等。",
		"time":"2018/02/12 - 2018/04/30",
		"rank":"BB"
	},
	{
		"name":"World Wi-Fi",
		"title":"基于区块链的分散免费wifi网络",
		"intro":"WorldWiFi是一个由基于区块链的分散免费wifi网络。",
		"time":"2018/03/18 - 2018/04/18",
		"rank":"BBB"
	},
	{
		"name":"TokenStars TEAM",
		"title":"基于区块链的明星管理平台",
		"intro":" 2017/12/20 - 2018/03/28",
		"time":"TokenStars是区块链上的明星管理平台。这个生态系统将为明星、粉丝和广告商提供先进的工具和激励，让他们更深入地进行互动和参与。",
		"rank":"BBB"
	},
	{
		"name":"Crowd for Angels",
		"title":"一个英国的集资贷款平台",
		"intro":"Crowd for Angels”是英国众筹平台，通过发行股票（股票）和大众债券（债务）向投资者募集资金。",
		"time":" 2018/03/19 - 2018/03/31",
		"rank":"BBB"
	},
	{
		"name":"Rxeal",
		"title":"分布式账本的商业供应链协议",
		"intro":"rxr是一个在Ethereum区块链上存储安全存储的平台。它提供了分散的争议解决方案，主要关注房地产和汽车租赁市场。承租人将安全保证金转入相互控制的智能合同。",
		"time":"2018/03/12 - 2018/04/11",
		"rank":"BB"
	},
	{
		"name":"Saifu",
		"title":"一个支持传统货币和加密货币的钱",
		"intro":"Saifu是一个金融服务公司，为货币和加密货币提供一个钱包账户。",
		"time":"2018/02/19 - 2018/04/30",
		"rank":"BB"
	}
]

